PTM,Q_asinc_media,Q_asinc_mediana,Q_asinc_q025,Q_asinc_q975,Q_mitosis_media,Q_mitosis_mediana,Q_mitosis_q025,Q_mitosis_q975,diff_abs_media,diff_abs_mediana,diff_abs_q025,diff_abs_q975,diff_abs_p_gt_0,diff_abs_p_lt_0,ratio_media,ratio_mediana,ratio_q025,ratio_q975,log_ratio_media,log_ratio_mediana,log_ratio_q025,log_ratio_q975,log_ratio_p_gt_0,log_ratio_p_lt_0,direccion_Q
unmod,0.2043528201535688,0.20432324290127918,0.19271583427985425,0.21588452034974304,0.11650964507316681,0.11649897494396445,0.10727045372809842,0.1258069589720678,-0.08784317508040199,-0.08789584716919768,-0.10278097639761781,-0.07322952538288904,0,1,0.5706012153809875,0.5699838750003454,0.5164212387881747,0.6273194138190017,-0.562278181780264,-0.5621472080333059,-0.6608324923035916,-0.46629943616937863,0,1,disminuye en mitosis
K9me1,0.10938037509289288,0.1093512850236359,0.10059873760225371,0.11818988755430007,0.07346319711071007,0.07346611862972229,0.06592691764169328,0.08107305891863595,-0.0359171779821828,-0.035890311617687985,-0.04760958647949852,-0.02443284543462611,0,1,0.6727492174488425,0.6716036087719599,0.5877693747819173,0.7629654028870921,-0.39856661211931826,-0.39808698039983176,-0.531420627780779,-0.2705425926533574,0,1,disminuye en mitosis
K9me2,0.2238561607456128,0.22392324210860193,0.21190801464762687,0.23581216055332127,0.16739200758631384,0.16736331193216775,0.15660074901913734,0.17804193076727956,-0.056464153159298945,-0.056451943511737615,-0.07235110055880921,-0.040738051631693764,0,1,0.7483095417034855,0.7479811613765279,0.6883652509461274,0.8113611488763137,-0.29082448445951997,-0.2903774866504554,-0.3734356939181156,-0.2090420109607291,0,1,disminuye en mitosis
K9me3,0.15695200564326886,0.15696019315349585,0.1464919175227196,0.1675868889027633,0.07329826686191102,0.07327603131523686,0.06600168035019814,0.08076607048950915,-0.08365373878135784,-0.08367575023250684,-0.09628877095007954,-0.07085222581312958,0,1,0.4675383369884073,0.4669517318062,0.4136010382930965,0.5255245431292037,-0.7621358621499462,-0.7615293846754028,-0.8828534455259077,-0.6433583855759913,0,1,disminuye en mitosis
K9ac,7.654834470490184e-4,7.287169080760886e-4,3.1167630135496647e-4,0.0014250757854163579,6.165845945929993e-4,5.89352600169837e-4,2.70840179698862e-4,0.0011269632296287515,-1.4889885245601911e-4,-1.3912665382635276e-4,-8.415206157935089e-4,5.053433409224755e-4,0.3296875,0.6703125,0.9256622550811857,0.804289367804576,0.30731559240365586,2.248346867663591,-0.20765311976868567,-0.2177961659580581,-1.1798800724493133,0.8101951716824509,0.3296875,0.6703125,IC95 incluye 0
K14ac,0.1270201524858332,0.12696880276562922,0.11755657756286542,0.13671676481320433,0.07242836838624268,0.07242488099375716,0.0649712404353301,0.08000832386213849,-0.054591784099590514,-0.05462706288008923,-0.06675661457515161,-0.04232036318273619,0,1,0.571059730865761,0.5698656056282623,0.5005123782456322,0.647945292938354,-0.562416282779523,-0.5623547255646,-0.6921229488092309,-0.43394901068452946,0,1,disminuye en mitosis
K9me1K14ac,0.0698223964208856,0.0698029309389851,0.06259344946603071,0.07707562604526895,0.04504420977139174,0.04499940356543902,0.03916224883533994,0.051121316697268694,-0.024778186649493862,-0.024753543057315697,-0.03413184785626386,-0.015405405932363137,0,1,0.6468901417202364,0.645066101868232,0.5442722166807259,0.7620703630932876,-0.43921652476491785,-0.43840248406073107,-0.6083057591380852,-0.27171638755352734,0,1,disminuye en mitosis
K9me2K14ac,0.07448664928962209,0.07445007937859474,0.06713980846778622,0.08202812702487491,0.05372657655427949,0.05369694768647082,0.047455386797367896,0.06030788315565333,-0.020760072735342597,-0.02074899036495265,-0.03031517328172466,-0.011118466427115224,1.25e-4,0.999875,0.7230497655543519,0.7212101838576246,0.6196630574845645,0.8394667782431601,-0.32727718133495826,-0.3268246670513333,-0.4785794043685508,-0.17498837663174518,1.25e-4,0.999875,disminuye en mitosis
K9me3K14ac,0.021636908818742764,0.02161175985692011,0.017693110886145065,0.02580892142751772,0.015795576971575968,0.015745540213949735,0.012527538434704581,0.019279130909787823,-0.005841331847166797,-0.005866210241115694,-0.011010735252083173,-6.969688977352474e-4,0.013625,0.986375,0.7364479457199394,0.7283430078005421,0.5495500364897712,0.9632275660642275,-0.3160848298554413,-0.31698317734266934,-0.5986554511537774,-0.037465585944741614,0.013625,0.986375,disminuye en mitosis
K9acK14ac,0.0019714708713853436,0.0019276918787826049,9.538411897880003e-4,0.0032556180349401103,4.5240592409601945e-4,4.2314129077621705e-4,1.7263157643557044e-4,8.996011683306735e-4,-0.0015190649472893241,-0.0014849404499978594,-0.00282575116762673,-4.0286976665136683e-4,0.0026875,0.9973125,0.2527769107390565,0.2205318336939345,0.07877837291121308,0.6230266183675055,-1.5125227112226876,-1.5117132241469298,-2.5411167772586283,-0.4731660791107266,0.0026875,0.9973125,disminuye en mitosis
S10ph,8.374629357802471e-4,8.047607867363216e-4,3.599316285906181e-4,0.0015054991370486064,0.03879852981233742,0.03875477550737078,0.03263288851675538,0.04528057155094471,0.03796106687655717,0.03791120039393726,0.03185265999338491,0.044290985444553996,1,0,52.7351678201539,48.1364627482968,25.686618248286475,108.17492653527957,3.8956080550910075,3.874039951192417,3.2459701655629827,4.683749606597124,1,0,aumenta en mitosis
K9me1S10ph,4.930899336628406e-4,4.685668205375316e-4,0.00018153546306248595,9.503326790440065e-4,0.03715438034045544,0.0371356979511048,0.03142965542439476,0.04307615079884446,0.0366612904067926,0.03664269844265593,0.030935827262625497,0.04253191018520147,1,0,89.70958353986906,79.20440077590533,38.57760094251277,203.92978482704072,4.401766668017462,4.372031862579942,3.6526718209967988,5.317775737979339,1,0,aumenta en mitosis
K9me2S10ph,0.0019011444664559193,0.0018647822140089735,9.379789883491345e-4,0.003097303097340729,0.10198879373491368,0.10196698768374673,0.09323555692781006,0.11089658827616454,0.10008764926845777,0.10006176907867402,0.09127201510455296,0.10903054548121918,1,0,58.870311796883,54.76652071427036,32.583969445141896,109.02378026448775,4.025440472269083,4.003079071313266,3.4838204258678944,4.691566025778115,1,0,aumenta en mitosis
K9me3S10ph,0.003566649699364532,0.0035268582786619805,0.0020607815900005513,0.0053219945133951545,0.09162605529262775,0.09161343265727373,0.08320216281871887,0.0998738697560652,0.08805940559326322,0.08804479463307621,0.07941482617933524,0.0963739162642276,1,0,27.24540380197726,25.94353219561463,16.969320708127118,44.88157028030582,3.273278025035032,3.255922337095795,2.831407049435942,3.8040272386886707,1,0,aumenta en mitosis
K9acS10ph,7.45827177394329e-5,6.499577914549631e-5,1.7723132415116008e-5,1.8446254502411773e-4,5.572242507335715e-4,5.259627548064609e-4,2.22581077507735e-4,0.001067620638224809,4.826415329941387e-4,4.5393934621689315e-4,1.37246508979663e-4,9.867928315321984e-4,0.9991875,8.125e-4,10.586183559794438,8.064468741994194,2.215857777534476,35.18946386207238,2.1049380493436822,2.087467837213932,0.7956395859541712,3.5607467153133183,0.9991875,8.125e-4,aumenta en mitosis
S10phK14ac,3.5556253714939617e-4,3.3433186042314397e-4,1.300696695752319e-4,7.013108868013829e-4,0.024799664263196436,0.024781647367173865,0.01991133995755253,0.02992131249879642,0.02444410172604704,0.024413841563313433,0.019579254939283197,0.029523497805150112,1,0,83.51313572828636,73.74236303928015,34.90831372534559,189.73975440849202,4.3269299278305535,4.300577436512794,3.552725015231577,5.245653295964956,1,0,aumenta en mitosis
K9me1S10phK14ac,3.631200706410419e-4,3.390736671118043e-4,1.3232996234204276e-4,7.227593342706094e-4,0.015076741201507525,0.015043127119325782,0.010986985924006782,0.019259703428270953,0.014713621130866484,0.014689763439376925,0.010667779095051576,0.01885253653880136,1,0,49.33500142304272,43.81999596423193,21.174311146314622,111.22927012546138,3.8041064618375353,3.780090241395544,3.0527887078541096,4.711593564783487,1,0,aumenta en mitosis
K9me2S10phK14ac,0.0011211986067692012,0.0010751884648133572,4.6446103385242216e-4,0.0020181963971329445,0.04715976812847049,0.047160023348053005,0.041190312693745824,0.05323512566302132,0.04603856952170129,0.04602417032390961,0.03998704537571457,0.05212264478114078,1,0,48.51321477775643,43.839358040074586,23.05687846781464,101.82961282510658,3.8035808190007274,3.780531999183493,3.1379641396914644,4.623300905617437,1,0,aumenta en mitosis
K9me3S10phK14ac,9.217571232308079e-4,8.860040480633848e-4,3.546803133052709e-4,0.001707937481582619,0.02380237955834042,0.023787528863263255,0.01947851352360415,0.02830930529873621,0.02288062243510961,0.022857269540991536,0.018484026483553864,0.027413709578211924,1,0,30.310514620831018,26.865399578122457,13.400924099330462,67.89109106450113,3.3218765482003247,3.290839196202631,2.595323666844562,4.217904818828679,1,0,aumenta en mitosis
K9acS10phK14ac,1.2100894034523879e-4,1.0045103265772184e-4,2.2480415146085143e-5,3.3488105396752927e-4,3.096245831366193e-4,2.86976841003795e-4,1.142870497061556e-4,6.244185812074374e-4,1.886156427913805e-4,1.775018515736756e-4,-9.98576916572744e-5,5.262993383229391e-4,0.9116875,0.0883125,4.115598669524321,2.831380110713459,0.6277793419824478,15.512786725460879,1.0694247032464304,1.0407642643958468,-0.46556655858508217,2.7416646193366456,0.9116875,0.0883125,IC95 incluye 0
