PTM;Asynchronous;Mitotic;Asynchronous_2;Mitotic_2;Asynchronous_3;Mitotic_3
unmod;0,245726;0,122816;0,23349;0,102873;0,135996;0,106616
K9me1;0,131144;0,080996;0,1247;0,061084;0,073494;0,066965
K9me2;0,198347;0,10796;0,198833;0,152562;0,270235;0,235061
K9me3;0,136201;0,046067;0,137295;0,059182;0,197732;0,114369
K9ac;0,000141;0,000078;0,000144;0,000226;0,001087;0,000333
K14ac;0,132881;0,078137;0,143485;0,064775;0,102826;0,064076
K9me1K14ac;0,076457;0,05112;0,075873;0,042516;0,056604;0,035779
K9me2K14ac;0,054234;0,034878;0,058398;0,046693;0,116294;0,084316
K9me3K14ac;0,015263;0,008637;0,017388;0,012962;0,03257;0,024577
K9acK14ac;0,00166;0,000275;0,002234;0,000598;0,001649;0,000188
S10ph;0,001113;0,072226;0,001018;0,060635;0,000494;0,009416
K9me1S10ph;0,000438;0,067942;0,000418;0,048827;0,000024;0,012075
K9me2S10ph;0,001352;0,09503;0,00152;0,106875;0,002357;0,087163
K9me3S10ph;0,00288;0,077748;0,003041;0,097815;0,005757;0,086361
K9acS10ph;0,000001;0,001192;0,000001;0,000333;0,000002;0,000074
S10phK14ac;0,000208;0,04466;0,000178;0,039693;0,000009;0,006134
K9me1S10phK14ac;0,000615;0,049643;0,000517;0,025147;0,000016;0,001126
K9me2S10phK14ac;0,00067;0,040697;0,000787;0,052118;0,001752;0,04181
K9me3S10phK14ac;0,000594;0,019842;0,00066;0,024625;0,001048;0,02349
K9acS10phK14ac;0,000075;0,000056;0,00002;0,000461;0,000054;0,000071
